id,text,rating,author,date,source
70000001040039867_0,"–æ—á–µ–Ω—å –ø—Ä–∏—è—Ç–Ω–æ–µ –º–µ—Å—Ç–æ –∏ —Å—Ç–∞—Ñ! –≤–∫—É—Å–Ω—ã–µ –±–ª—é–¥–∞, –Ω–∞—Å—Ç–æ–π–∫–∏, –±—ã—Å—Ç—Ä–∞—è –ø–æ–¥–∞—á–∞ –∏ —Ç–µ–ø–ª–æ –Ω–∞ —É–ª–∏—á–Ω—ã—Ö –º–µ—Å—Ç–∞—Ö —Ä–µ—Å—Ç–æ—Ä–∞–Ω–∞ –±—ã–ª–æ —Å–∏–¥–µ—Ç—å, —Å–ø–∞—Å–∏–±–æ –∑–∞ –≤–µ—á–µ—Ä! –Ω—É –∏ —Å–∏—Å—Ç–µ–º–∞ –ª–æ—è–ª—å–Ω–æ—Å—Ç–∏ —Ö–æ—Ä–æ—à–∞",3,–ï–∫–∞—Ç–µ—Ä–∏–Ω–∞–ü–µ—Ç—Ä–æ–≤–∞,2025-09-29,2GIS
70000001040039867_1,"–ü–æ–ª—å—Å—Ç–∏–ª–∞—Å—å –Ω–∞ –æ—Ç–∑—ã–≤—ã, –¥–µ–π—Å—Ç–≤–∏—Ç–µ–ª—å–Ω–æ –æ–±—Å–ª—É–∂–∏–≤–∞–Ω–∏–µ —Ö–æ—Ä–æ—à–µ–µ, –µ—Å—Ç—å –∫–æ–º–ø–ª–∏–º–µ–Ω—Ç —à–∞–º–ø–∞–Ω—Å–∫–æ–µ –Ω–∞ –∑–∞–≤—Ç—Ä–∞–∫. –ù–æ –µ–¥–∞ –º–µ–Ω—è —Å–æ–≤–µ—Ä—à–µ–Ω–Ω–æ —Ä–∞–∑–æ—á–∞—Ä–æ–≤–∞–ª–∞. –ê –ª–µ—Ç–∞—é—â–∞—è –º—É—Ö–∞ –≤ –∑–∞–ª–µ –¥–æ–±–∞–≤–∏–ª–∞ –∞–Ω—Ç—É—Ä–∞–∂–∞. –Ø–π—Ü–æ –ø–∞—à–æ—Ç –±—ã–ª–æ —Ö–æ–ª–æ–¥–Ω—ã–º, –ø–µ—Ä–µ–≤–∞—Ä–µ–Ω–Ω—ã–º –∏ –±–µ–∑ –∂–∏–¥–∫–æ–≥–æ –∂–µ–ª—Ç–∫–∞, –±—ã–ª–∞ –∫–∞–∫–∞—è-—Ç–æ –∫–∏—Å–ª–∏–Ω–∫–∞ –Ω–µ –æ—Å–æ–±–æ –ø—Ä–∏—è—Ç–Ω–∞—è. –†–∞–º–µ–Ω —Ç–æ–∂–µ –æ—á–µ–Ω—å —Ä–∞–∑–æ—á–∞—Ä–æ–≤–∞–ª, —Ö–æ–ª–æ–¥–Ω–∞—è –ª–∞–ø—à–∞(—Å–∫–æ—Ä–µ–µ –≤—Å–µ–≥–æ –≤—á–µ—Ä–∞—à–Ω—è—è) –∏ –Ω–µ–Ω–∞—Å—ã—à–µ–Ω–Ω—ã–π –±—É–ª—å–æ–Ω. –î—É–º–∞—é —ç—Ç–æ —Ñ–æ—Ä–º–∞—Ç –∑–∞–π—Ç–∏ –≤–µ—á–µ—Ä–æ–º –ø–æ—Å–ª–µ –¥—Ä—É–≥–æ–≥–æ –∑–∞–≤–µ–¥–µ–Ω–∏—è –Ω–∞ –Ω–∞—Å—Ç–æ–π–∫—É, –Ω–æ —è –±–æ–ª—å—à–µ –Ω–µ –ø–ª–∞–Ω–∏—Ä—É—é –≤–æ–∑–≤—Ä–∞—â–∞—Ç—å—Å—è. –û–∂–∏–¥–∞–Ω–∏–µ —Ä–µ–∞–ª—å–Ω–æ—Å—Ç—å –Ω–µ —Å–æ–≤–ø–∞–ª–∏, –≤—Å–µ –Ω–µ–≤–∫—É—Å–Ω–æ.",3,–ê–Ω–æ–Ω–∏–º,2025-09-18,2GIS
70000001040039867_4,"–ú–µ—Å—Ç–æ –¢–û–ü. –ê—Ç–º–æ—Å—Ñ–µ—Ä–∞, –æ–±—Å–ª—É–∂–∏–≤–∞–Ω–∏–µ, –µ–¥–∞.
–ù–æ —Å–∞–º–æ–µ —É–¥–∏–≤–∏—Ç–µ–ª—å–Ω–æ–µ - —ç—Ç–æ –∫–æ–Ω—Ü–µ–ø—Ü–∏—è, –æ—Å–Ω–æ–≤–∞–Ω–Ω–∞—è –Ω–∞ –ª–µ–≥–µ–Ω–¥–∞—Ö. –î–∞–∂–µ –º–µ–Ω—é –∏ –±–∞—Ä–Ω–æ–µ –∏ —Ç–µ —Å–æ —Å–≤–æ–∏–º –ø–æ–¥—Ö–æ–¥–æ–º –∫ —Ñ–æ—Ä–º–∏—Ä–æ–≤–∞–Ω–∏—é. –†–µ–∫–æ–º–µ–Ω–¥—É—é –≤—Å–µ–º!",3,–í–ª–∞–¥–∏—Å–ª–∞–≤–£.,2025-10-02,2GIS
70000001040039867_5,–¢—É—Ç –≤–∫—É—Å–Ω–æ –∏ —Ö–æ—Ä–æ—à–æ! –ò –ø—Ä–∏–≤–µ—Ç–ª–∏–≤—ã–π –∫–æ–º–ø–µ—Ç–µ–Ω—Ç—ã–π –ø–µ—Ä—Å–æ–Ω–∞–ª! –•–æ—á–µ—Ç—Å—è –≤–æ–∑–≤—Ä–∞—â–∞—Ç—å—Å—èüòç,3,–°–≤–µ—Ç–ª–∞–Ω–∞–ú–∏—à–∫–µ–≤–∏—á,2025-08-30,2GIS
70000001040039867_6,"–ö–ª–∞—Å—Å–Ω–æ–µ –º–µ—Å—Ç–æ. –∫–æ–∫—Ç–µ–π–ª–∏ –Ω–µ–æ–±—ã—á–Ω—ã–µ - –µ—Å—Ç—å —Å–ª–∞–¥–µ–Ω—å–∫–∏–µ, –µ—Å—Ç—å —Ç–µ—Ä–ø–∫–∏–µ, –∫–∏—Å–ª–µ–Ω—å–∫–∏–µ. –ë–∞—Ä, –∫—É—Ö–Ω—è, –æ—Ñ–∏—Ü–∏–∞–Ω—Ç—ã - –≤—Å–µ —è–≤–Ω–æ –∑–Ω–∞—é—Ç, —á—Ç–æ –¥–µ–ª–∞—é—Ç. –ü—Ä–µ—Ç–µ–Ω–¥—É–µ—Ç –Ω–∞ –∑–≤–∞–Ω–∏–µ –ª—é–±–∏–º–æ–≥–ª –±–∞—Ä–∞",3,–°—Ç—ã—á–ù–∞–∏–≤–Ω—è–∫,2025-08-30,2GIS
70000001040039867_7,–ì–∞–ª–∫–∏ —ç—Ç–æ –≤—Å–µ–≥–¥–∞ –Ω–µ–æ–±—ã—á–Ω–æ–µ —Å–º–µ—à–µ–Ω–∏–µ –≤–∫—É—Å–æ–≤! –í–∫—É—Å–Ω–æ –∏ –Ω–µ–æ–∂–∏–¥–∞–Ω–Ω–æ!,3,–°–≤–µ—Ç–ª–∞–Ω–∞–û.,2025-10-02,2GIS
70000001040039867_9,"–ë—ã–ª–∏ –≤–ø–µ—Ä–≤—ã–µ –ø–æ —Ä–µ–∫–æ–º–µ–Ω–¥–∞—Ü–∏–∏ –∫–æ–ª–ª–µ–≥–∏. –ë—Ä–æ–Ω–∏—Ä–æ–≤–∞–ª–∏ –∑–∞—Ä–∞–Ω–µ–µ.
–ú–µ—Å—Ç–æ –æ—á–µ–Ω—å –∞—É—Ç–µ–Ω—Ç–∏—á–Ω–æ–µ –∏ –∞—Ç–º–æ—Å—Ñ–µ—Ä–Ω–æ–µ, –æ—Å–æ–±–µ–Ω–Ω–æ –≤–Ω—É—Ç—Ä–∏, –ø—Ä–∏ —ç—Ç–æ–º –ø–æ –ª–µ—Ç–Ω–µ–π –≤–µ—Ä–∞–Ω–¥–µ –¥–æ –∫–æ–Ω—Ü–∞ –ø—Ä–æ—á—É–≤—Å—Ç–≤–æ–≤–∞—Ç—å –≤–µ—Å—å –∞–Ω—Ç—É—Ä–∞–∂ –∑–∞–≤–µ–¥–µ–Ω–∏—è –Ω–µ–ª—å–∑—è.
–ï–¥–∞ –∏ –Ω–∞–ø–∏—Ç–∫–∏ –º–Ω–µ –ø–æ–Ω—Ä–∞–≤–∏–ª–∏—Å—å. –ë—ã–ª–æ –≤–∫—É—Å–Ω–æ.
–ü–µ—Ä—Å–æ–Ω–∞–ª –ø—Ä–∏–≤–µ—Ç–ª–∏–≤ –∏ –¥–æ–±—Ä–æ–∂–µ–ª–∞—Ç–µ–ª–µ–Ω.",3,Veto_na_leto,2025-08-20,2GIS
70000001040039867_10,"–í–∫—É—Å–Ω–æ, –Ω–æ –¥–æ—Ä–æ–≥–æ–≤–∞—Ç–æ. –ê –µ—â—ë –±–µ–∑ –±—Ä–æ–Ω–∏ –ª—É—á—à–µ –Ω–µ –ø—Ä–∏—Ö–æ–¥–∏—Ç—å, –º–æ–∂–µ—Ç –±—ã—Ç—å –Ω–µ–∫–æ–º—Ñ–æ—Ä—Ç–Ω–æ.",3,–ê–ª–µ–∫—Å–µ–π–¢.,2025-10-02,2GIS
70000001040039867_12,"–ø–æ—Ç—Ä—è—Å–∞—é—â–µ–µ –º–µ—Å—Ç–æ. –ø—Ä–µ–≤–æ—Å—Ö–æ–¥–Ω—ã–µ –∫—É—Ö–Ω—è, –±–∞—Ä, –æ–±—Å–ª—É–∂–∏–≤–∞–Ω–∏–µ. –ø—Ä–∏—è—Ç–Ω–∞—è —Å–∏—Å—Ç–µ–º–∞ –ª–æ—è–ª—å–Ω–æ—Å—Ç–∏.
–ì–∞–ª–∫–∏ –¥–æ–ª–≥–∏–µ –≥–æ–¥—ã –¥–µ—Ä–∂–∞—Ç –º–∞—Ä–∫—É. –º–æ–ª–æ–¥—Ü—ã!
–º—ã –≤ —Å—Ç–∞–µ!",3,–°–≤–µ—Ç–ª–∞–Ω–∞–°.,2025-10-02,2GIS
70000001040039867_13,"–ë—ã–ª–∏ –∑–¥–µ—Å—å —É–∂–µ —Ä–∞–∑–∞ —Ç—Ä–∏,–∫–∞–∂–¥—ã–π —Ä–∞–∑ –≤ –Ω–µ–≤–µ—Ä–æ—è—Ç–Ω–æ–º –≤–æ—Å—Ç–æ—Ä–≥–µ –æ—Å—Ç–∞–≤–∞–ª–∏—Å—å.–ü—Ä–∏–¥—É —Å—é–¥–∞ –µ—â—ë —Ä–∞–∑,–æ–±–æ–∂–∞—é —ç—Ç–æ –º–µ—Å—Ç–æ!",3,–ö–∞–º–∏–ª—å–°–∞–ª–∞—Ö—É—Ç–¥–∏–Ω–æ–≤,2025-07-29,2GIS
70000001040039867_14,"–ù–µ–æ–±—ã—á–Ω–æ–µ –º–µ—Å—Ç–æ) –≤–∫—É—Å–Ω–æ –≥–æ—Ç–æ–≤—è—Ç, –ª—é–±—è—Ç –∫–ª–∏–µ–Ω—Ç–æ–≤! –ò–Ω–æ–≥–¥–∞ –ª—é–±–ª—é —É –Ω–∏—Ö –ø–æ–∫—É—à–∞—Ç—å",3,NataliLatani,2025-07-29,2GIS
70000001040039867_15,"–ì–∞–ª–∫–∏, —è –≤–∞—Å –æ–±–æ–∂–∞—é. –í—ã –ª—É—á—à–∏–µ! –ù–µ–≤–µ—Ä–æ—è—Ç–Ω–∞—è –∞—Ç–º–æ—Å—Ñ–µ—Ä–∞, –≤–∫—É—Å–Ω–µ–π—à–∏–µ –∫–æ–∫—Ç–µ–π–ª–∏. –û—Ç–ª–∏—á–Ω–∞—è –∫—É—Ö–Ω—è.",3,–¢–∞—Ç—å—è–Ω–∞–ú,2025-04-23,2GIS
70000001040039867_16,"–•–æ—Ä–æ—à–µ–µ –º–µ—Å—Ç–æ. –®–µ—Ñ –ø–æ–≤–∞—Ä –±–æ–º–±–∞, –Ω–µ–æ–±—ã—á–Ω—ã–µ –±–ª—é–¥–∞ –∏ —Å–æ—á–µ—Ç–∞–Ω–∏—è –≤–∫—É—Å–æ–≤ –≤–∞—Å –ø–æ–∫–æ—Ä—è—Ç.
–ß—Ç–æ –æ—Å—Ç–∞–≤–ª—è–µ—Ç –∂–µ–ª–∞—Ç—å –ª—É—á—à–µ–≥–æ, —Ç–∞–∫ —ç—Ç–æ –ø–æ—Å–∞–¥–∫–∞ –≥–æ—Å—Ç–µ–π, –≤—Ä–æ–¥–µ –∏ –±—Ä–æ–Ω–∏—Ä–æ–≤–∞–ª–∏ —Å—Ç–æ–ª–∏–∫ –Ω–∞ –±—É–¥–Ω–∏–π –¥–µ–Ω—å, –Ω–æ –≤—Å—ë —Ä–∞–≤–Ω–æ –ø–æ–ø–∞–ª–∏ –∑–∞ –æ–±—â–∏–π —Å—Ç–æ–ª (—á—Ç–æ –æ—á–µ–Ω—å —Ä–∞—Å—Å—Ç—Ä–æ–∏–ª–æ, —Ç–∫ –ø—Ä–∏—à–ª–∏ –æ—Ç–º–µ—á–∞—Ç—å –¥–µ–Ω—å —Ä–æ–∂–¥–µ–Ω–∏–µ). –°–ø–∞—Å–∏–±–æ –∫–æ–Ω–µ—á–Ω–æ, —á—Ç–æ –Ω–µ –∑–æ–Ω–∞ ¬´—Å–µ–Ω–æ–≤–∞–ª¬ª (–µ—Å–ª–∏ —è –ø—Ä–∞–≤–∏–ª—å–Ω–æ –æ–ø—Ä–µ–¥–µ–ª–∏–ª–∞ –∑–æ–Ω—É), –ª—é–¥–∏ –ø—Ä–æ—Å—Ç–æ —Å–∏–¥—è—Ç –≤ –∫–æ—Ä–∏–¥–æ—Ä–µ —Å–æ–≥–Ω—É–≤—à–∏—Å—å –≤ —Ç—Ä–∏ –ø–æ–≥–∏–±–µ–ª–∏ –∏ –º–∏–º–æ –Ω–∏—Ö –ø–æ—Å—Ç–æ—è–Ω–Ω–æ —Ö–æ–¥—è—Ç –≥–æ—Å—Ç–∏ –∏ –æ—Ñ–∏—Ü–∏–∞–Ω—Ç—ã",3,–í–ª–∞–¥–∞–°.,2025-10-02,2GIS
70000001040039867_19,"–†–µ–∫–æ–º–µ–Ω–¥—É—é —ç—Ç–æ –º–µ—Å—Ç–æ –≤—Å–µ–º –∏ –∫–∞–∂–¥–æ–º—É! –ù–µ–≤–µ—Ä–æ—è—Ç–Ω–æ–µ –º–µ—Å—Ç–æ! –í–Ω—É—Ç—Ä–∏ –≤—Å–µ —Å–∏–ª—å–Ω–æ –∫—Ä–∞—Å–∏–≤–æ –∏ —Å—Ç–∏–ª—å–Ω–æ, –≤–µ–∑–¥–µ –≤–æ—Å–∫–æ–≤—ã–µ —Å–≤–µ—á–∏, –æ—Ñ–∏—Ü–∏–∞–Ω—Ç—ã –æ—Ç–∑—ã–≤—á–∏–≤—ã –∏ –∏–Ω—Ç–µ—Ä–µ—Å–Ω—ã! –ë—Ä–∞–ª–∞ –∑–µ–ª–µ–Ω—ã–π —Å–∞–ª–∞—Ç, –∞ —Ç–∞–º –æ–∫–∞–∑–∞–ª–æ—Å—å —Ç—Ä–∏ –∑–∞–ø—Ä–∞–≤–∫–∏ –Ω–∞ –≤—ã–±–æ—Ä, –æ—á–µ–Ω—å –∫—Ä—É—Ç–æ! –ë—Ä–∞–ª–∞ —Å –∏–º–±–∏—Ä–Ω–æ–π –∑–∞–ø—Ä–∞–≤–∫–æ–π, —Å–∏–ª—å–Ω–æ —Ö–æ—Ä–æ—à–µ–µ —Å–æ—á–µ—Ç–∞–Ω–∏–µ! –¢–∞–∫–∂–µ –±—Ä–∞–ª–∞ –ø–∞—Å—Ç—É —Å –ª–∏—Å–∏—á–∫–∞–º–∏, —Ç–∞–∫ –ø–æ—Å–ª–µ —ç—Ç–æ–≥–æ —Å–∫—Ä–µ–±–ª–∞ —Ç–∞—Ä–µ–ª–∫—É –ª–æ–∂–∫–æ–π, —á—Ç–æ–±—ã —Å–æ–±—Ä–∞—Ç—å –æ—Å—Ç–∞—Ç–∫–∏ —Å–æ—É—Å–∞! –û–±–æ–∂–∞—é) –°–ø–∞—Å–∏–±–æ, —á—Ç–æ –≤—ã –µ—Å—Ç—å! –ü—Ä–æ—Ü–≤–µ—Ç–∞–Ω–∏—è!",3,–û–ª–µ—Å—è–ë—è–Ω–∫–∏–Ω–∞,2025-07-17,2GIS
70000001040039867_20,"–°–∞–º—ã–π –ª—é–±–∏–º—ã–π –∏ –≤–∫—É—Å–Ω—ã–π —Ä–µ—Å—Ç–æ—Ä–∞–Ω –ú–æ—Å–∫–≤—ã. –°–æ–≤–µ—Ä—à–µ–Ω–Ω–æ –±–µ–∑ –ø–∞—Ñ–æ—Å–∞, –Ω–æ —É—é—Ç–Ω—ã–π –∏ –∑–∞–≥–∞–¥–æ—á–Ω—ã–π",3,–ù–∞—Ç–∞–ª—å—è–≠.,2025-10-02,2GIS
70000001040039867_21,"–ù–µ–ø–ª–æ—Ö–æ–π –±–∞—Ä –¥–ª—è —Å–≤–∏–¥–∞–Ω–∏—è. –ö–æ–∫—Ç–µ–π–ª–∏ –¥–µ–ª–∞—é—Ç –∫–∞—á–µ—Å—Ç–≤–µ–Ω–Ω–æ, –≤—ã–±–æ—Ä –±–æ–ª—å—à–æ–π, –º–æ–∂–Ω–æ –Ω–∞–π—Ç–∏ —á—Ç–æ-—Ç–æ –Ω–∞ –ª—é–±–æ–π –≤–∫—É—Å. –ò–Ω—Ç–µ—Ä—å–µ—Ä —Å—Ç–∏–ª—å–Ω—ã–π –∏ —Å–æ–≤—Ä–µ–º–µ–Ω–Ω—ã–π, –º—É–∑—ã–∫–∞ –Ω–µ —Å–ª–∏—à–∫–æ–º –≥—Ä–æ–º–∫–∞—è, –º–æ–∂–Ω–æ –ø–æ–≥–æ–≤–æ—Ä–∏—Ç—å. –¶–µ–Ω—ã –≤—ã—à–µ —Å—Ä–µ–¥–Ω–µ–≥–æ, –Ω–æ –æ–Ω–æ —Ç–æ–≥–æ —Å—Ç–æ–∏—Ç. –í —Ü–µ–ª–æ–º, —Ö–æ—Ä–æ—à–µ–µ –º–µ—Å—Ç–æ, —á—Ç–æ–±—ã –ø—Ä–æ–≤–µ—Å—Ç–∏ –≤–µ—á–µ—Ä —Å –¥–µ–≤—É—à–∫–æ–π.",3,JohanAmira,2025-07-17,2GIS
70000001040039867_23,"–≠—Ç–æ —Å–ø—Ä—è—Ç–∞–Ω–Ω–æ–µ –º–µ—Å—Ç–µ –±–µ–∑ –Ω–∞–≤–∏–≥–∞—Ü–∏–∏ –∏ –æ–ø–æ–∑–Ω–∞–≤–∞—Ç–µ–ª—å–Ω—ã—Ö –≤—ã–≤–µ—Å–æ–∫ –∏ —Ä–µ–∂–∏–º–Ω–∏–∫–æ–≤- –≤–Ω–∞—á–∞–ª–µ —Å–º—É—Ç–∏–ª–æ, –Ω–æ –≥–æ–ª–æ–¥ –∏ —á–∞—Å –ø–æ–∏—Å–∫–∞, –∫–∞—Ç–∞—è—Å—å –ø–æ –∫—Ä—É–≥—É –≤–æ–∫—Ä—É–≥ –¥–æ–º–æ–≤ —É–±–µ–∂–¥–∞–ª–∏ –ø–æ—Å–µ—Ç–∏—Ç—å –∑–∞–≤–µ–¥–µ–Ω–∏–µ.
–°–º—É—Ç–∏–ª —à—É–º –ª—é–¥–Ω–æ—Å—Ç–∏ –∏ –∏–Ω—Ç–µ—Ä—å–µ—Ä, –Ω–∞–≤–µ—Ä–Ω–æ–µ –º—ã –ø—Ä–æ—Å—Ç–æ –∏—Å–∫–∞–ª–∏ –¥—Ä—É–≥–æ–π —Ç–∏–ø —Ä–µ—Å—Ç–æ—Ä–∞–Ω–∞ - –ù–û !
–ö–æ–≥–¥–∞ –º—ã –ø–æ–ø—Ä–æ–±–æ–≤–∞–ª–∏ –±–ª—é–¥–∞, —Ç–æ—á–Ω–æ —É–±–µ–¥–∏–ª–∏—Å—å, —á—Ç–æ –∫—É—Ö–Ω—è –ø–æ–ª—É—á–∞–µ—Ç —Å–∞–º—É—é –≤—ã—Å–æ–∫—É—é –æ—Ü–µ–Ω–∫—É üëç
–û—á–µ–Ω—å –≤–∫—É—Å–Ω–æ –∏ –≥–∞—Å—Ç—Ä–æ–Ω–æ–º–∏—á–µ—Å–∫–∏ –∫–∞–π—Ñ–æ–≤–æ : –æ—Å—å–º–∏–Ω–æ–≥, —É—Ç–∫–∞ , –º–∏–Ω—å–æ–Ω, –∫–æ–ø—á–µ–Ω–Ω—ã–µ —Å–ª–∏–≤—ã –≤ —Å–∞–ª–∞—Ç–µ –ø–æ–∫–æ—Ä–∏–ª–∏ ‚ù§Ô∏è
–û—Å–æ–±–æ–µ –≤–ø–µ—á–∞—Ç–ª–µ–Ω–∏–µ –ø—Ä–µ–ø–æ–¥–Ω–µ—Å –î–µ–Ω–∏—Å —Å—Ç–∞—Ä—à–∏–π –±–∞—Ä–º–µ–Ω, –∫–∞–∫ –±—É–¥—Ç–æ –æ–Ω —Å—Ç–∞—Ä—ã–π –¥—Ä—É–≥ –∫–æ—Ç–æ—Ä—ã–π –¥—É—à–µ–≤–Ω–æ —É–≥–æ—â–∞–µ—Ç –±–ª–∏–∑–∫–∏—Ö –¥—Ä—É–∑–µ–π, —ç–∫—Å–∫–ª—é–∑–∏–≤–Ω—ã–º–∏ –∑–∞–≥—Ä–∞–Ω–∏—á–Ω—ã–º–∏ –Ω–∞–ø–∏—Ç–∫–∞–º–∏ –∏ —Å —É–¥–æ–≤–æ–ª—å—Å—Ç–≤–∏–µ–º —Ä–∞—Å—Å–∫–∞–∑—ã–≤–∞–µ—Ç –æ –Ω–∏—Ö .
–°–ø–∞—Å–∏–±–æ –∑–∞ –ø—Ä–µ–∫—Ä–∞—Å–Ω—ã–π –≤–µ—á–µ—Ä !",3,–ê–ª–µ–∫—Å–∞–Ω–¥—Ä–∞–ò–≤–∞–Ω–æ–≤–∞,2025-07-17,2GIS
70000001040039867_25,"–•–æ—Ä–æ—à–∏–π —Ä–µ—Å—Ç–æ—Ä–∞–Ω. –í–∫—É—Å–Ω–∞—è –µ–¥–∞, –∫—Ä–∞—Å–∏–≤—ã–π –∏–Ω—Ç–µ—Ä—å–µ—Ä. –û—Ç–ª–∏—á–Ω—ã–π –ø–µ—Ä—Å–æ–Ω–∞–ª. –ù–æ –ø–æ–ª–∏—Ç–∏–∫–∞ –±—Ä–æ–Ω–∏—Ä–æ–≤–∞–Ω–∏—è –ø—Ä–æ—Å—Ç–æ —É–Ω–∏–∑–∏—Ç–µ–ª—å–Ω–∞—è. –í—ã—Ö–æ–¥–Ω–æ–π –¥–µ–Ω—å: –±—Ä–æ–Ω–∏—Ä—É—é —É—Ç—Ä–æ–º –Ω–∞ –≤–µ—á–µ—Ä. –Ø –¥–æ–ª–∂–Ω–∞ –≤–Ω–µ—Å—Ç–∏ –¥–µ–ø–æ–∑–∏—Ç 8000 –º–∏–Ω–∏–º—É–º –∑–∞ –¥–≤–æ–∏—Ö, –∞ –Ω–∞ –Ω–æ—Ä–º–∞–ª—å–Ω—ã–π —Å—Ç–æ–ª–∏–∫ –≤–æ–æ–±—â–µ 10000. –ö—Ä–æ–º–µ —Ç–æ–≥–æ, —è –¥–æ–ª–∂–Ω–∞ –ø–æ—Ç—Ä–∞—Ç–∏—Ç—å –≤—Ä–µ–º—è –Ω–∞ –≤—ã–±–æ—Ä —ç—Ç–æ–≥–æ —Å—Ç–æ–ª–∏–∫–∞. –ê –∫–æ–≥–¥–∞ —è –±—É–¥—É –¥–µ–Ω—å–≥–∏ –Ω–∞ –≤–∞—à –¥–µ–ø–æ–∑–∏—Ç –∑–∞—Ä–∞–±–∞—Ç—ã–≤–∞—Ç—å, –µ—Å–ª–∏ –±—É–¥—É —Å–∏–¥–µ—Ç—å –ø–æ–ª —á–∞—Å–∞ —Å—Ç–æ–ª –≤—ã–±–∏—Ä–∞—Ç—å? –ê –µ—Å–ª–∏ –±–µ–∑ –¥–µ–ø–æ–∑–∏—Ç–∞, —Ç–æ –≥–æ—Å—Ç–µ–π –º–æ–≥—É—Ç –ø–æ—Å–∞–¥–∏—Ç—å –Ω–∞ –±–∞—Ä (—Å–ø–∞—Å–∏–±–æ –±–æ–ª—å—à–æ–µ, —á—Ç–æ —É–≤–∞–∂–∞–µ—Ç–µ –º–µ–Ω—è –∫–∞–∫ –≥–æ—Å—Ç—è, –∫–æ—Ç–æ—Ä—ã–π –∑–≤–æ–Ω–∏—Ç –∑–∞—Ä–∞–Ω–µ–µ. –ú–æ–∂–µ—Ç –µ—â–µ –≤ —Ç—É–∞–ª–µ—Ç –ø–æ—Å–∞–¥–∏—Ç–µ?) –î—Ä—É–≥–æ–≥–æ —Å–ø–æ—Å–æ–±–∞ –∑–∞—Ä–∞–±–æ—Ç–∞—Ç—å, –±–µ–∑ —ç—Ç–∏—Ö —É–Ω–∏–∂–µ–Ω–∏–π, –º–µ–Ω–µ–¥–∂–µ—Ä –Ω–µ –ø—Ä–∏–¥—É–º–∞–ª? –ë—ã–ª–∞ –≤ —ç—Ç–æ–º —Ä–µ—Å—Ç–æ—Ä–∞–Ω–µ, –∏ –Ω–µ —Ä–∞–∑, –Ω–æ –±–µ–∑ –±—Ä–æ–Ω–∏. –ë–æ–ª—å—à–µ —Ö–æ–¥–∏—Ç—å –Ω–µ –±—É–¥—É. –û—Å—Ç–∞–≤–ª—é —Å–≤–æ–∏ 15-20–∫ –≤ –¥—Ä—É–≥–æ–º –º–µ—Å—Ç–µ. –ü—Ä–æ–≤–µ—Ä—å—Ç–µ –∞–≤—Ç–æ–æ—Ç–≤–µ—Ç—á–∏–∫, –æ–Ω –¥–æ–ª–∂–µ–Ω –∏–≥—Ä–∞—Ç—å –º—É–∑—ã–∫—É, –∞ –æ–Ω –Ω–∞ —Ä–µ–ø–∏—Ç–µ –ø–æ–≤—Ç–æ—Ä—è–µ—Ç –∫–∞–∫ –º–æ–π –∑–≤–æ–Ω–æ–∫ –≤–∞–∂–µ–Ω. –ï—Å–ª–∏ –Ω–µ –±—Ä–æ–Ω–∏—Ä–æ–≤–∞—Ç—å —Ç–æ –≤—Å–µ –æ–∫. –†–µ—Å—Ç–æ—Ä–∞–Ω –¥–ª—è —Å–ª—É—á–∞–π–Ω–æ–≥–æ –≤–∏–∑–∏—Ç–∞ –∏–¥–µ–∞–ª—å–Ω—ã–π.",3,–ì–∞–ª–∏–Ω–∞–ì–æ—Ä–∏–Ω–∞,2025-06-12,2GIS
70000001040039867_26,"–ë—ã–ª–∞ –≤ –∑–∞–≤–µ–¥–µ–Ω–∏–∏ 21–º–∞—è
–£ –∫–æ–ª–ª–µ–≥ —Å –º—è—Å–æ–º –≥–∞—Ä–Ω–∏—Ä–æ–º –±—ã–ª –±–∞—Ç–∞—Ç, –∑–∞–∫–∞–∑–∞–ª–∞ —Ç–æ–∂–µ, –ø—Ä–æ—Å—Ç–æ ¬´–±–∞—Ç–∞—Ç¬ª
–ü—Ä–∏–Ω–µ—Å–ª–∏ –∑–∞–ø–µ—á–µ–Ω–Ω—ã–π, —Ç–æ –µ—Å—Ç—å –≤–æ–æ–±—â–µ –Ω–µ —Ç–æ, –ø–æ–ø—Ä–æ—Å–∏–ª–∞ —Å–¥–µ–ª–∞—Ç—å —Ñ—Ä–∏, –∏–≤–∑–∏–Ω–∏–ª–∞—Å—å –µ—Å–ª–∏ —è –Ω–µ —Ç–∞–∫ –∑–∞–∫–∞–∑–∞–ª–∞.

–í –∏—Ç–æ–≥–µ –æ—Ñ–∏—Ü–∏–∞–Ω—Ç–∫–∞ (—á–µ—Ä–Ω—ã–µ –≤–æ–ª–æ—Å—ã), –ø—Ä–∏—à–ª–∞ –ù–ê –†–ê–ó–ë–û–†–ö–ò –∏ –±—É–∫–≤–∞–ª—å–Ω–æ –æ—Ä–∞–ª–∞ –Ω–∞ –º–µ–Ω—è, –ø–æ–≤—ã—à–∞–ª–∞ –≥–æ–ª–æ—Å —Å–æ —Å–ª–æ–≤–∞–º–∏: –Ø –ñ–ò –í–ê–ú –°–ö–ê–ó–ê–õ–ê —à—Ç–æ –∑–∞–ø–∏—á–µ–Ω—ã–π –≤—ã —á—Ç–æ —Ç—É—Ç –Ω–µ —Å–ª—É—à–∞–µ—Ç–µüò≤üò≤ –æ—á–µ–Ω—å –∏ –æ—á–µ–Ω—å –≥—Ä—É–±–æ!

–≠—Ç–æ —Ç—Ä–µ—à, —É–≤–∞–∂–∞–µ–º–æ–µ —Ä—É–∫–æ–≤–æ–¥—Å—Ç–≤–æ, –æ—Ñ–∏—Ü–∏–∞–Ω—Ç–∫–µ —Å —á–µ—Ä–Ω—ã–º–∏ –∑–∞—á–µ—Å–∞–Ω–Ω—ã–º–∏ –≤–æ–ª–æ—Å–∞–º–∏, –ø—Ä–∏–≤–µ—Ç, —ç—Ç–æ —Ä–æ–Ω—è–µ—Ç –∏–º–∏–¥–∂ –∑–∞–≤–µ–¥–µ–Ω–∏—è –¥–æ 1 –∑–≤–µ–∑–¥—ã.",3,MariaM,2025-06-07,2GIS
70000001040039867_27,–°–∞–º–æ–µ –ª—é–±–∏–º–æ–µ –º–µ—Å—Ç–æ –≤ –ú–æ—Å–∫–≤–µ. –í—Å–µ–≥–¥–∞ –ø–æ—Ç—Ä—è—Å–∞—é—â–∞—è –∫—É—Ö–Ω—è –∏ –≤–µ–ª–∏–∫–æ–ª–µ–ø–Ω—ã–µ –∫–æ–∫—Ç–µ–π–ª–∏,3,–ï–ª–∏–∑–∞–≤–µ—Ç–∞–°.,2025-10-02,2GIS
70000001040039867_30,"–° –∫–æ–ª–ª–µ–≥–∞–º–∏ –ª—é–±–∏–º —É—Å—Ç—Ä–∞–∏–≤–∞—Ç—å –∏–≤–µ–Ω—Ç—ã, –∏ –Ω–µ–¥–∞–≤–Ω–æ –æ—Ç–∫—Ä—ã–ª–∏ –¥–ª—è —Å–µ–±—è –∞–Ω–¥–µ–≥—Ä–∞—É–Ω–¥ —Ä–µ—Å—Ç–æ—Ä–∞–Ω –ì–∞–ª–∫–∏. –ü–æ–º–∏–º–æ —Å–∞–º–æ–π –∫–æ–Ω—Ü–µ–ø—Ü–∏–∏ –æ—Ü–µ–Ω–∏–ª–∏ –º–µ–Ω—é, –≤ –∫–æ—Ç–æ—Ä–æ–º –µ—Å—Ç—å –Ω–µ —Ç–æ–ª—å–∫–æ –º—è—Å–æ, —Ä—ã–±–∞, –Ω–æ –∏ –Ω–µ–æ—Ä–¥–∏–Ω–∞—Ä–Ω—ã–µ –∑–∞–∫—É—Å–∫–∏. –ü–æ–ø–∫–æ—Ä–Ω/–∫—Ä–µ–≤–µ—Ç–∫–∏ –≤–∞—Å–∞–±–∏ –∏ —Ç–∞—Ç–∞–∫–∏ –∏–∑ –≥–æ–≤—è–¥–∏–Ω—ã/–∫–æ—Å—Ç–Ω—ã–π –º–æ–∑–≥ –ø–æ–Ω—Ä–∞–≤–∏–ª–∞—Å—å –≤—Å–µ–º, —Ç–∞–∫–∂–µ –∫–∞–∫ –∏ –≤–∫—É—Å–Ω—ã–µ —Ñ—Ä—É–∫—Ç–æ–≤—ã–µ –∫–æ–∫—Ç–µ–π–ª–∏. –ö—Ä—É—Ç–æ, —á—Ç–æ Ultima Guide –ø–æ–º–æ–≥ –æ—Ç–∫—Ä—ã—Ç—å –Ω–∞–º —Ç–∞–∫–æ–µ –∏–Ω—Ç–µ—Ä–µ—Å–Ω–æ–µ –º–µ—Å—Ç–æ.",3,–í–µ—Ä–æ–Ω–∏–∫–∞–ö–∞–ª–∏–Ω–∏–Ω–∞,2025-06-07,2GIS
70000001040039867_31,"–ö–∞–º–∞–º–±–µ—Ä –±—ã–ª —Ä–µ–∑–∏–Ω–æ–≤—ã–π, —Ö–ª–µ–± –∫ –Ω–µ–º—É –¥–µ—Ä–µ–≤—è–Ω–Ω—ã–π, –ø–∏—Ü—Ü–∞ —Å—É—Ö–∞—è! –û–¥–Ω–æ –∏–∑ —Å–∞–º—ã—Ö –Ω–µ–≤–∫—É—Å–Ω—ã—Ö –º–µ—Å—Ç –≥–æ—Ä–æ–¥–∞. –ò –≤ –∑–∞–≤–µ–¥–µ–Ω–∏–∏ –Ω–µ—Ç —Ç—Ä—É–±–æ—á–µ–∫ –∫ –Ω–∞–ø–∏—Ç–∫—É (–¥–µ–≤–æ—á–∫–∏, –≥—É–±—ã –Ω–µ –∫—Ä–∞—Å–∏–º, –ø–æ–º–∞–¥–∞ –æ—Å—Ç–∞–Ω–µ—Ç—Å—è –Ω–∞ —Å—Ç–∞–∫–∞–Ω–µ)",3,–≠–ª–µ–æ–Ω–æ—Ä–∞–°,2025-06-07,2GIS
70000001040039867_35,"–í–∫—É—Å–Ω–∞—è –∫—É—Ö–Ω—è, –∫–æ–∫—Ç–µ–π–ª–∏ –∏ –Ω–∞—Å—Ç–æ–π–∫–∏. –û—Ç–ª–∏—á–Ω—ã–π –∫–æ–Ω—Ü–µ–ø—Ç—É–∞–ª—å–Ω—ã–π —Ä–µ—Å—Ç–æ—Ä–∞–Ω.",3,–ö–æ–Ω—Å—Ç–∞–Ω—Ç–∏–Ω–ö.,2025-10-02,2GIS
70000001040039867_36,"–î–ª—è —Ä–µ—Å—Ç–æ—Ä–∞–Ω–∞ —Ç—É—Ç –æ—á–µ–Ω—å —à—É–º–Ω–æ, –¥–∞–∂–µ –¥–Ω–µ–º. –≠—Ç–æ —Å–∫–æ—Ä–µ–µ –±–∞—Ä, —Å —Ö–æ—Ä–æ—à–µ–π –¥–ª—è –±–∞—Ä–∞ –∫—É—Ö–Ω–µ–π. –ù–∞–ø–∏—Ç–∫–∏ –±—ã–ª–∏ –≤–∫—É—Å–Ω—ã–µ, –ø–∏—Ü—Ü–∞ –Ω–µ–ø–ª–æ—Ö–∞—è, –Ω–æ –Ω–µ –≤–∞—É. –°–æ—Ç—Ä—É–¥–Ω–∏–∫–∏ –≤—Å–µ –æ—á–µ–Ω—å –º–∏–ª—ã–µ.",3,–†–∏—Ç–∞–ö,2025-05-08,2GIS
70000001040039867_39,"–ù–µ–ø—Ä–∏–≤–µ—Ç–ª–∏–≤—ã–π –ø–µ—Ä—Å–æ–Ω–∞–ª. –î–µ–≤—É—à–∫–∞ —Ö–æ—Å—Ç–µ—Å –≤—ã—Å–æ–∫–∞—è —Å —Ç–µ–º–Ω—ã–º–∏ –≤–æ–ª–æ—Å–∞–º–∏ –¥–∞–∂–µ –Ω–µ –ø–æ–∑–¥–æ—Ä–æ–≤–∞–ª–∞—Å—å –∏ —Å—Ä–∞–∑—É —É—à–ª–∞ —Å –∫–µ–º-—Ç–æ –¥—Ä—É–≥–∏–º –∏–∑ –≥–æ—Å—Ç–µ–π. –Ø —Å—Ç–æ—è–ª–∞ –µ—â—ë –º–∏–Ω—É—Ç—É –Ω–∞ –≤—Ö–æ–¥–µ, –ø–æ–∫–∞ –Ω–µ –ø–æ–¥–æ—à–ª–∞ –¥—Ä—É–≥–∞—è –¥–µ–≤—É—à–∫–∞. –ü–æ–∫–∞ –º—ã —Å –Ω–µ–π —Ä–∞–∑–±–∏—Ä–∞–ª–∏—Å—å —Å –±—Ä–æ–Ω—å—é, –ø–µ—Ä–≤–∞—è —Ö–æ—Å—Ç–µ—Å –≤–µ—Ä–Ω—É–ª–∞—Å—å, –≤—Å—Ç–∞–ª–∞ –ø—Ä—è–º–æ –º–µ–∂–¥—É –Ω–∞–º–∏ –∏ –Ω–∞—á–∞–ª–∞ –∫–æ–ø–æ—à–∏—Ç—å—Å—è –≤ –ø–ª–∞–Ω—à–µ—Ç–µ. –ú–Ω–µ –ø—Ä–∏—à–ª–æ—Å—å –µ—ë –æ–±–æ–π—Ç–∏, —á—Ç–æ–±—ã –ø—Ä–æ–¥–æ–ª–∂–∏—Ç—å —Ä–∞–∑–≥–æ–≤–æ—Ä. –í –∑–∞–ª–µ –±—ã–ª–∏ —Å–≤–æ–±–æ–¥–Ω—ã–µ —Å—Ç–æ–ª–∏–∫–∏, –Ω–æ –Ω–∞—Å —Å –ø–æ–¥—Ä—É–≥–æ–π –ø–æ—Å–∞–¥–∏–ª–∏ –∑–∞ –ø–æ–¥–æ–∫–æ–Ω–Ω–∏–∫. –í–ø–µ—á–∞—Ç–ª–µ–Ω–∏–µ —Å—Ä–∞–∑—É –±—ã–ª–æ –∏—Å–ø–æ—Ä—á–µ–Ω–æ. –ú—ã –µ–ª–µ –µ–ª–µ –¥–æ–∑–≤–∞–ª–∏—Å—å –æ—Ñ–∏—Ü–∏–∞–Ω—Ç–∞, —á—Ç–æ–±—ã —Ä–∞—Å—Å—á–∏—Ç–∞—Ç—å—Å—è –∏ –¥–æ–≤–æ–ª—å–Ω–æ –±—ã—Å—Ç—Ä–æ —É—à–ª–∏. –í–æ–∑–≤—Ä–∞—â–∞—Ç—å—Å—è –Ω–µ –ø–ª–∞–Ω–∏—Ä—É—é.",3,–ê–ª–µ–Ω–∞–®,2025-04-23,2GIS
70000001040039867_41,–û—Ç–ª–∏—á–Ω–æ–µ –º–µ—Å—Ç–æ. –ü—Ç–∏—Ç–∏–º —Å —Ç–æ–º–ª–µ–Ω–æ–π –≥–æ–≤—è–¥–∏–Ω–æ–π - —ç—Ç–æ –≤–∫—É—Å–Ω–æ. –û—Ñ–∏—Ü–∏–∞–Ω—Ç - –∫—Ä–∞—Å–∞–≤—á–∏–∫. –ê—Ç–º–æ—Å—Ñ–µ—Ä–∞ - –æ–≥–æ–Ω—å,3,–ü–µ—Ç—Ä–í–∞—Å–∏–ª—å–µ–≤,2025-04-23,2GIS
70000001040039867_42,"–ù–µ —Å—Ä–∞–∑—É –Ω–∞—à–ª–∏, —Ö–æ–¥–∏–ª–∏ –≤–æ–∫—Ä—É–≥ –¥–∞ –æ–∫–æ–ª–æ, –ø—Ä–µ–∂–¥–µ, —á–µ–º –æ–±–Ω–∞—Ä—É–∂–∏–ª–∏ —Å–∏–Ω–∏–π –¥–æ–º–∏–∫. –†–µ—Å—Ç–æ—Ä–∞–Ω –Ω–µ —Ä–∞–∑–æ—á–∞—Ä–æ–≤–∞–ª. –£—é—Ç–Ω–∞—è, —Å—Ç–∏–ª–∏–∑–æ–≤–∞–Ω–Ω–∞—è –ø–æ–¥ –ø—Ç–∏—á—å–µ –≥–Ω–µ–∑–¥–æ –æ–±—Å—Ç–∞–Ω–æ–≤–∫–∞ –∏ –≤–∫—É—Å–Ω—ã–µ –±–ª—é–¥–∞. –ü–æ–Ω—Ä–∞–≤–∏–ª–æ—Å—å –≤—Å—ë! –¢–æ–º —è–º, —Å–≤–∏–Ω—ã–µ —Ä–µ–±—Ä–∞, –ø–∏—Ü—Ü–∞, –¥–µ—Å–µ—Ä—Ç –∏ –æ—á–µ–Ω—å –Ω–µ–æ–±—ã—á–Ω—ã–π –≤–∫—É—Å —á–∞—è. –û–±—è–∑–∞—Ç–µ–ª—å–Ω–æ –±—É–¥–µ–º —Ä–µ–∫–æ–º–µ–Ω–¥–æ–≤–∞—Ç—å –¥—Ä—É–∑—å—è–º –∏ –ø—Ä–∏–¥–µ–º —Å–Ω–æ–≤–∞!",3,–û–ª—å–≥–∞–ó.,2025-10-02,2GIS
70000001040039867_43,"–±—ã–ª–∏ —Å –º–æ–ª–æ–¥—ã–º —á–µ–ª–æ–≤–µ–∫–æ–º, –ø—Ä–∞–∑–¥–Ω–æ–≤–∞–ª–∏ –º–æ–π –¥–µ–Ω—å —Ä–æ–∂–¥–µ–Ω–∏—è. —É–¥–∞–ª–æ—Å—å —Å —É—Ç—Ä–∞ –Ω–∞ –≤–µ—á–µ—Ä –∑–∞–±—Ä–æ–Ω–∏—Ä–æ–≤–∞—Ç—å —Å—Ç–æ–ª–∏–∫, —Ö–æ—Ç—è —Ö–æ—Å—Ç–µ—Å —Å–∫–∞–∑–∞–ª–∞, —á—Ç–æ –æ–±—ã—á–Ω–æ –±—Ä–æ–Ω—å –Ω–∞ —Ç—Ä–∏ –¥–Ω—è –≤–ø–µ—Ä–µ–¥. –ª—É—á—à–µ–µ –º–µ—Å—Ç–æ –≤ –º–æ—Å–∫–≤–µ! –≤–∫—É—Å–Ω–∞—è –µ–¥–∞, –∫—Ä–∞—Å–∏–≤–∞—è –∫–æ–∫—Ç–µ–π–ª—å–Ω–∞—è –∫–∞—Ä—Ç–∞, –æ—Ñ–∏—Ü–∏–∞–Ω—Ç—ã –≤—Å–µ –ª—É—á—à–∏–µ!! –Ω–µ—Ç –∑–∞–∫—Ä–µ–ø–ª–µ–Ω–Ω–æ–≥–æ –∑–∞ —Å—Ç–æ–ª–∏–∫–æ–º –æ—Ñ–∏—Ü–∏–∞–Ω—Ç–∞, –æ–Ω–∏ –±–µ–≥–∞—é—Ç –º–∏–º–æ —á–∞—Å—Ç–æ, –Ω–æ –ª—é–±–æ–π –≤—Å–µ–≥–¥–∞ –æ—Å—Ç–∞–Ω–∞–≤–ª–∏–≤–∞–µ—Ç—Å—è, –æ–±—ä—è—Å–Ω—è–µ—Ç –ø–æ –º–µ–Ω—é, –ø–æ–º–æ–≥–∞–µ—Ç —Å –≤—ã–±–æ—Ä–æ–º, —Ä–∞—Å—Å–∫–∞–∑—ã–≤–∞–µ—Ç –∏—Å—Ç–æ—Ä–∏–∏ –æ —Å–æ–∑–¥–∞–Ω–∏–∏ –º–µ—Å—Ç–∞ –∏–ª–∏ –∫–æ–∫—Ç–µ–π–ª—è. –∑–∞–∫–∞–∑ –Ω–µ–∫–æ—Ç–æ—Ä—ã—Ö –∫–æ–∫—Ç–µ–π–ª–µ–π –≤–æ–æ–±—â–µ –∏—Å–∫—É—Å—Å—Ç–≤–æ! –Ω–µ –∂–∞–ª–µ—é—Ç –≤—Ä–µ–º—è –Ω–∞ —Ç–∞–∫–∏–µ —Ü–µ—Ä–µ–º–æ–Ω–∏–∏, –¥–µ–ª–∞—é—Ç –≤—Å–µ, —á—Ç–æ–±—ã –ø—Ä–µ–±—ã–≤–∞–Ω–∏–µ —Ç–∞–º –±—ã–ª–æ –æ—Å–æ–±–µ–Ω–Ω—ã–º –º–æ–º–µ–Ω—Ç–æ–º –≤ –≤–æ—Å–ø–æ–º–∏–Ω–∞–Ω–∏—è—Ö. —Ä–µ–±—è—Ç–∞, —Å–ø–∞—Å–∏–±–æ –≤—Å–µ–π –∫–æ–º–∞–Ω–¥–µ –æ—Ç –¥—É—à–∏, –ø–æ—Å—Ç–∞–≤–∏–ª–∞ –±—ã —Å—Ç–æ –∑–≤–µ–∑–¥, –µ—Å–ª–∏ –±—ã –º–æ–∂–Ω–æ –±—ã–ª–æ!!",3,—ç–º–∏–ª–∏—è–º–∞—Ö–º—É—Ç–æ–≤–∞,2025-04-23,2GIS
70000001040039867_44,"–í–∫—É—Å–Ω–æ, —Å—Ç–∏–ª—å–Ω–æ, –¥—É—à–µ–≤–Ω–æ! –° –±–æ–ª—å—à–∏–º —É–¥–æ–≤–æ–ª—å—Å—Ç–≤–∏–µ–º –≤–æ–∑–≤—Ä–∞—â–∞—é—Å—å —Å—é–¥–∞ –∏ —Ä–µ–∫–æ–º–µ–Ω–¥—É—é –¥—Ä—É–∑—å—è–º. –†–µ–∫–æ–º–µ–Ω–¥—É—é ¬´–ö–æ—Ä–º–∏–ª–∏—Ü—É¬ª –∏ —Ç—ã–∫–≤–µ–Ω–Ω—ã–π —Å—É–ø",3,–ê–π–Ω—É—Ä–ë–µ–∫–µ—Ç–æ–≤,2025-04-23,2GIS
70000001040039867_47,"–ü–ª—é—Å—ã:
- –í–∫—É—Å–Ω–æ, –Ω–æ –Ω–µ –≤–∞—É
–ú–∏–Ω—É—Å—ã:
- –¢–µ—Å–Ω–æ. –ì—Ä–æ–º–∫–∞—è –º—É–∑—ã–∫–∞. –ù–∞–≤—è–∑—á–∏–≤—ã–µ –æ—Ñ–∏—Ü–∏–∞–Ω—Ç—ã. –ì—Ä—è–∑–Ω—ã–µ —Ç—É–∞–ª–µ—Ç—ã
- –°—Ç–æ—è—Ç —Ç—Ä–∏ —Ö–æ—Å—Ç–µ—Å –Ω–∞ –≤—Ö–æ–¥–µ, –Ω–∏—á–µ–≥–æ –Ω–µ –¥–µ–ª–∞—é—Ç.
- –ß—Ç–æ–±—ã –ø–µ—Ä–µ–æ–¥–µ—Ç—å—Å—è, –Ω–µ–∫—É–¥–∞ –≤–µ—â–∏ –ø–æ—Å—Ç–∞–≤–∏—Ç—å, –≤ —Ä—É–∫–∞—Ö –≤—Å—ë –¥–µ—Ä–∂–∏—à—å. –°—Ç–æ–∏–º —Ç–æ–ª–ø–∏–º—Å—è –Ω–∞ –¥–≤—É—Ö –º–µ—Ç—Ä–∞—Ö
- –ü—Ä–∏ –±—Ä–æ–Ω–∏ –¥–∞—é—Ç 1,5 —á–∞—Å–∞",3,–ê–ª–∏—Å–∞ü™∑,2025-03-24,2GIS
70000001040039867_48,"–°–ª–∏—à–∫–æ–º —Ç–µ—Å–Ω–æ –∏ –ª—é–¥–Ω–æ, –ø–æ—Å—Ç–æ—Ä–æ–Ω–Ω–∏–µ –ª—é–¥–∏ —Å–∏–¥—è—Ç –Ω—É –æ—á–µ–Ω—å –±–ª–∏–∑–∫–æ, –¥–ª—è –∏–Ω—Ç—Ä–æ–≤–µ—Ä—Ç–æ–≤ —ç—Ç–æ –∞–¥ ‚Ä¶..))) –∞ –≤ –æ–±—â–µ–º –≤–∫—É—Å–Ω–æ, –∞—Ç–º–æ—Å—Ñ–µ—Ä–Ω–æ!",3,–ê–Ω–ú.,2025-03-22,2GIS
